post_time,text,retweet,Photo/Link_Normalized,Photo/Link,Photo,Link,No_Photo/Link_Normalized,hours,Hastag_Count,text1,compound_score,positive_score,neutral_score,negative_score
Fri Oct 18 18:58:48 +0000 2019,Very inspiring to see the historic #AllWomanSpacewalk - hopefully just the first of many to come. Congrats @Astro_Christina and @Astro_Jessica on your success today!,182,1,1,0,1,0,18,1,inspiring see historic allwomanspacewalk hopefully first many come congrats astrochristina astrojessica success today,0.9118,0.583,0.417,0.0
Tue Oct 15 15:29:13 +0000 2019,"Very excited to introduce our latest family of #MadebyGoogle hardware: Pixel 4, Nest Mini, Nest Wifi, Pixelbook Go &amp; Pixel Buds - all designed to work together for a seamless, consistent experience, helping you whether you're at home or on the go. https://t.co/7hTYFAhDXl",773,1,1,0,1,0,15,1,excited introduce latest family madebygoogle hardware pixel 4 nest mini nest wifi pixelbook go amp pixel buds designed work together seamless consistent experience helping whether youre home go,0.5574,0.155,0.845,0.0
Mon Oct 07 16:39:11 +0000 2019,"Today we‚Äôre kicking off our 3rd #ImpactChallengeBayArea: we‚Äôll donate $10M in grants to 35 nonprofits working to improve our communities. Excited to see the ideas that will come up and look forward to the progress we can make together in the Bay Area.
https://t.co/fgFnDwnVDz",151,1,1,0,1,0,16,1,today kicking 3rd impactchallengebayarea well donate 10m grants 35 nonprofits working improve communities excited see ideas come look forward progress make together bay area,0.8779,0.389,0.611,0.0
Wed Oct 02 18:46:47 +0000 2019,"Building on the privacy &amp; security features discussed at #io19, this week we're rolling out Incognito mode on Maps, Auto-delete in YouTube, simpler privacy controls, and even more protection for your passwords with a new Password Checkup feature.
https://t.co/RY8FN966jY",258,1,1,0,1,0,18,1,building privacy amp security features discussed io19 week rolling incognito mode maps autodelete youtube simpler privacy controls even protection passwords new password checkup feature,0.34,0.094,0.906,0.0
Sat Sep 28 03:41:45 +0000 2019,"Thanks for all the Google 21st birthday wishes but more importantly, thank you to our users and partners for all your support. We will keep working hard to build a more helpful Google for everyone. https://t.co/Kf4Yz3EaP6",1240,1,2,1,1,0,3,0,thanks google 21st birthday wishes importantly thank users partners support keep working hard build helpful google everyone,0.9081,0.565,0.382,0.053
Thu Sep 26 17:01:09 +0000 2019,"Happy 5th birthday to Google Classroom! Thank you to all of the educators who have given us helpful feedback over the years, and to the 40 million teachers and students using Classroom around the world. 
https://t.co/CQ0180BfEu",378,1,1,0,1,0,17,0,happy 5th birthday google classroom thank educators given us helpful feedback years 40 million teachers students using classroom around world,0.8402,0.346,0.654,0.0
Tue Sep 24 16:02:55 +0000 2019,"Detecting deepfakes is one of the most important challenges ahead of us. Following our release of a synthetic audio dataset in Jan, we're releasing a large dataset of visual deepfakes to support researchers working on synthetic video detection #GoogleAI
https://t.co/sDW7BP34qL",599,1,1,0,1,0,16,1,detecting deepfakes important challenges ahead us following release synthetic audio dataset jan releasing large dataset visual deepfakes support researchers working synthetic video detection googleai,0.5859,0.216,0.784,0.0
Fri Sep 20 12:58:25 +0000 2019,"Great discussion at our new digital skills hub hosted by Minister @KatriKulmuni with govt &amp; business leaders from across the Nordic region on the issues of technology, the future of work &amp; digital skills. Happy I also got to chat with some of the students in our trainings there! https://t.co/xREFAmQFaj",97,1,2,1,1,0,12,0,great discussion new digital skills hub hosted minister katrikulmuni govt amp business leaders across nordic region issues technology future work amp digital skills happy also got chat students trainings,0.8316,0.224,0.776,0.0
Fri Sep 20 09:59:43 +0000 2019,"While in Finland, we also announced new details of our largest corporate purchase of renewable energy in history - nearly half of the megawatts produced will be in Europe and enable investments in the EU of more than ‚Ç¨1 billion",93,1,1,0,1,0,9,0,finland also announced new details largest corporate purchase renewable energy history nearly half megawatts produced europe enable investments eu 1 billion,0.2732,0.1,0.9,0.0
Fri Sep 20 09:59:41 +0000 2019,"Hei from Helsinki! Met with Finnish PM @AnttiRinnepj today as we announced ‚Ç¨3B to expand data centers in Europe over 2 years. We‚Äôre also making a $2M grant to @Nesta_UK for digital training partnerships with trade unions in Finland and 4 EU countries.
https://t.co/vBgBvrbA7S https://t.co/hzPXny3UyX",249,1,2,1,1,0,9,0,hei helsinki met finnish pm anttirinnepj today announced 3b expand data centers europe 2 years also making 2m grant nestauk digital training partnerships trade unions finland 4 eu countries,0.5859,0.161,0.839,0.0
Fri Sep 20 09:55:51 +0000 2019,"@AnttiRinnepj @Google Finland is a great example of how the internet can help drive economic growth, and we look forward to partnering with the Finnish government in the months and years ahead. Together, we can make sure everyone benefits from a strong and sustainable digital economy.",17,1,1,0,1,0,9,0,anttirinnepj google finland great example internet help drive economic growth look forward partnering finnish government months years ahead together make sure everyone benefits strong sustainable digital economy,0.9485,0.456,0.544,0.0
Thu Sep 19 20:24:57 +0000 2019,"We've been carbon neutral since 2007 and today, we're proud to share that Google is making our largest purchase of renewable energy ever. In all, our global portfolio of 52 renewable energy projects is driving $7B+ in new construction &amp; thousands of jobs. https://t.co/le3roYknck",1129,1,1,0,1,0,20,0,weve carbon neutral since 2007 today proud share google making largest purchase renewable energy ever global portfolio 52 renewable energy projects driving 7b new construction amp thousands jobs,0.8176,0.284,0.716,0.0
Thu Sep 19 07:15:54 +0000 2019,"At #GoogleForIndia today, we announced Google Research India - a new AI research team in Bangalore that will focus on advancing computer science &amp; applying AI research to solve big problems in healthcare, agriculture, education, and more. #GoogleAI 
https://t.co/hNlwhhxhVx",2235,1,1,0,1,0,7,2,googleforindia today announced google research india new ai research team bangalore focus advancing computer science amp applying ai research solve big problems healthcare agriculture education googleai,-0.2263,0.063,0.842,0.095
Thu Sep 12 19:49:37 +0000 2019,"This National #RecoveryMonth, we‚Äôve launched a new site to share tools and resources on addiction treatment and recovery, including maps to help find relevant support in your community. https://t.co/FLCTwHdOw4",169,1,1,0,1,0,19,1,national recoverymonth weve launched new site share tools resources addiction treatment recovery including maps help find relevant support community,0.7964,0.378,0.622,0.0
Tue Sep 10 14:06:39 +0000 2019,"Proud @MayoClinic has selected Google as its strategic partner on health innovation. We‚Äôre honored that @GoogleCloud &amp; our technologies can help play a role as Mayo continues to advance medical research, virtual care &amp; disease treatment to save more lives.
https://t.co/oEy9WbRQni",393,1,1,0,1,0,14,0,proud mayoclinic selected google strategic partner health innovation honored googlecloud amp technologies help play role mayo continues advance medical research virtual care amp disease treatment save lives,0.9638,0.512,0.488,0.0
Mon Sep 09 21:09:08 +0000 2019,"Heartbreaking to see the devastation that #HurricaneDorian has caused to the Bahamas and the US. We‚Äôre donating to support relief &amp; recovery efforts, and also sending Googler volunteers as part of @Googleorg
Crisis Response to help restore connectivity in the Bahamas.",149,1,1,0,1,0,21,1,heartbreaking see devastation hurricanedorian caused bahamas us donating support relief amp recovery efforts also sending googler volunteers part googleorg crisis response help restore connectivity bahamas,-0.0516,0.277,0.466,0.256
Mon Sep 09 17:09:23 +0000 2019,"In April, we open-sourced MLIR, which enables machine learning models to be consistently represented &amp; executed on hardware. Today we‚Äôre contributing the project to the LLVM Foundation to further help the standardization &amp; advancement of ML globally.¬†
https://t.co/8QvOLuShDh",722,1,1,0,1,0,17,0,april opensourced mlir enables machine learning models consistently represented amp executed hardware today contributing project llvm foundation help standardization amp advancement ml globally,0.4019,0.109,0.891,0.0
Tue Sep 03 17:31:25 +0000 2019,"RT @LaurenGoode: Android 10 has officially arrived. Even though Google has ditched the dessert theme, some of these updates are...pretty sw‚Ä¶",132,1,1,0,1,0,17,0,rt laurengoode android 10 officially arrived even though google ditched dessert theme updates arepretty sw,0.0,0.0,1.0,0.0
Tue Aug 27 16:33:15 +0000 2019,"Excited to see the first Chromebook Enterprise devices on sale today, built in partnership with @Dell and bringing the speed and security of Chrome OS to business users 
https://t.co/RhqYSixwg6",520,1,1,0,1,0,16,0,excited see first chromebook enterprise devices sale today built partnership dell bringing speed security chrome os business users,0.5859,0.231,0.769,0.0
Thu Aug 22 16:55:02 +0000 2019,Quite the quote:) https://t.co/VzsbtxoZnv,759,1,1,0,1,0,16,0,quite quote,0.0,0.0,1.0,0.0
Tue Aug 20 16:12:05 +0000 2019,"Starting today, our lightweight search app #GoogleGo will be available globally on the @GooglePlay store. As demo'd at #io19, Lens in #GoogleGo can help translate and search the words you see around you, and even read them aloud.
https://t.co/rAjR34KznM",640,1,1,0,1,0,16,3,starting today lightweight search app googlego available globally googleplay store demod io19 lens googlego help translate search words see around even read aloud,0.4019,0.109,0.891,0.0
Thu Aug 15 18:56:23 +0000 2019,"Inspiring to see such a breakthrough. +1 to research and science!

https://t.co/zb8bN6M70a",444,1,1,0,1,0,18,0,inspiring see breakthrough 1 research science,0.4215,0.412,0.588,0.0
Wed Jul 24 13:29:10 +0000 2019,"Today at #GoogleforNigeria, we announced Gallery Go - designed for those who don‚Äôt have a reliable internet connection, it brings many of the best @GooglePhotos features on device to help you find, edit and manage your photos even when you‚Äôre offline
https://t.co/9H4HkhlvES",303,1,1,0,1,0,13,1,today googlefornigeria announced gallery go designed dont reliable internet connection brings many best googlephotos features device help find edit manage photos even youre offline,0.7506,0.235,0.714,0.051
Tue Jul 23 16:16:55 +0000 2019,"Proud that @GoogleStartups is partnering with @veteran_capital, @patriotbootcamp &amp; @TheBunkerLabs to support veterans and military spouses at every stage of their transitions to tech 
https://t.co/qrgwSEEr5G",168,1,1,0,1,0,16,0,proud googlestartups partnering veterancapital patriotbootcamp amp thebunkerlabs support veterans military spouses every stage transitions tech,0.7003,0.309,0.691,0.0
Sun Jul 21 04:20:05 +0000 2019,"RT @justinesherry: Holy mackerel, while my power is out... The Pixel 3a NightSight is truly amaze. It is super dark in here -- almost black‚Ä¶",80,1,1,0,1,0,4,0,rt justinesherry holy mackerel power pixel 3a nightsight truly amaze super dark almost black,0.8834,0.484,0.516,0.0
Fri Jul 19 03:49:19 +0000 2019,"Margaret Hamilton led the team that developed the onboard flight software for all of NASA‚Äôs manned #Apollo missions, including the historic #Apollo11 moon landing. We‚Äôre honoring her contributions to Apollo &amp; software engineering with this moonlit tribute

https://t.co/iWfd6pKJQ9 https://t.co/4aHDQ0HCCi",500,1,2,1,1,0,3,2,margaret hamilton led team developed onboard flight software nasas manned apollo missions including historic apollo11 moon landing honoring contributions apollo amp software engineering moonlit tribute,0.5106,0.121,0.879,0.0
Sun Jul 14 18:03:13 +0000 2019,"Tiebreak #WimbledonFinal and superover #CricketWorldCupFinal , can't script this!!",7717,1,1,0,1,0,18,2,tiebreak wimbledonfinal superover cricketworldcupfinal cant script,0.0,0.0,1.0,0.0
Mon Jul 08 12:28:28 +0000 2019,"#CodewithGoogle is our new initiative to expand access to computer science education with a focus on training, resources, and community for teachers: https://t.co/GWcK3njjKA

https://t.co/ujScNFjJnK",495,1,1,0,1,0,12,1,codewithgoogle new initiative expand access computer science education focus training resources community teachers,0.3182,0.161,0.839,0.0
Sun Jul 07 17:44:51 +0000 2019,Congrats @USWNT on your #wwc19 win! Epic tournament and so well-deserved ‚≠ê‚≠ê‚≠ê‚≠ê,181,1,1,0,1,0,17,1,congrats uswnt wwc19 win epic tournament welldeserved,0.802,0.59,0.41,0.0
Wed Jul 03 11:58:17 +0000 2019,"@sachin_rt As Mahi bhai would say, ""Bahut Badhiya""üòÄüòÄPleasure watching the game with you, brought back great memories, till next time üèè",2097,1,1,0,1,0,11,0,sachinrt mahi bhai would say bahut badhiyapleasure watching game brought back great memories till next time,0.6249,0.215,0.785,0.0
Sun Jun 30 20:37:35 +0000 2019,@Aggerscricket It was a real pleasure @Aggerscricket to see you in action and thanks for having me!,20,1,1,0,1,0,20,0,aggerscricket real pleasure aggerscricket see action thanks,0.765,0.569,0.431,0.0
Fri Jun 28 22:10:29 +0000 2019,@stephengillett @chroniclesec Excited to welcome @chroniclesec to Cloud and look forward to working with you all!,18,1,1,0,1,0,22,0,stephengillett chroniclesec excited welcome chroniclesec cloud look forward working,0.6597,0.435,0.565,0.0
Fri Jun 28 21:42:05 +0000 2019,What an exciting match - great game @equipedefrance and congrats @USWNT on a huge win!,109,1,1,0,1,0,21,0,exciting match great game equipedefrance congrats uswnt huge win,0.9501,0.808,0.192,0.0
Fri Jun 21 04:51:04 +0000 2019,"Congrats @stewart, always admired your product focus and vision and wish you continued success! @SlackHQ",128,1,1,0,1,0,4,0,congrats stewart always admired product focus vision wish continued success slackhq,0.9337,0.716,0.284,0.0
Tue Jun 18 21:24:02 +0000 2019,"@Scott_Wiener @Google Thanks, @Scott_Wiener. We look forward to working with you on this.",4,1,1,0,1,0,21,0,scottwiener google thanks scottwiener look forward working,0.4404,0.326,0.674,0.0
Tue Jun 18 21:23:18 +0000 2019,@sliccardo @Google Glad to do our part to support our future neighbors in San Jose,8,1,1,0,1,0,21,0,sliccardo google glad part support future neighbors san jose,0.6908,0.449,0.551,0.0
Tue Jun 18 21:22:13 +0000 2019,@RepRoKhanna Thank you Congressman Khanna for your support and partnership,0,1,1,0,1,0,21,0,reprokhanna thank congressman khanna support partnership,0.6369,0.565,0.435,0.0
Tue Jun 18 21:21:04 +0000 2019,"@CAgovernor @Google @GavinNewsom Thanks, Governor @GavinNewsom - we look forward to working with you on this important initiative",27,1,1,0,1,0,21,0,cagovernor google gavinnewsom thanks governor gavinnewsom look forward working important initiative,0.5719,0.343,0.657,0.0
Tue Jun 18 16:02:16 +0000 2019,"Google started in the SF Bay Area, and we know our responsibility to help starts at home: we‚Äôre making a $1B investment to enable the development of 20K new homes in the region at all income levels, including affordable housing options in the next 10 years https://t.co/vVEYOFIUm5",1163,1,1,0,1,0,16,0,google started sf bay area know responsibility help starts home making 1b investment enable development 20k new homes region income levels including affordable housing options next 10 years,0.4019,0.091,0.909,0.0
Mon Jun 17 21:09:37 +0000 2019,Thanks @PoppyHarlowCNN - really enjoyed our wide-ranging conversation and appreciate you coming to Oklahoma! https://t.co/Hles9PMKTE https://t.co/kAxju0ZUsN,186,1,1,0,1,0,21,0,thanks poppyharlowcnn really enjoyed wideranging conversation appreciate coming oklahoma,0.8479,0.605,0.395,0.0
Fri Jun 14 23:23:37 +0000 2019,Also had a fun afternoon with 4H‚Äôers @Oklahoma4H learning about their projects and doing a bit of coding:) https://t.co/MHvRgUaYT5,185,1,2,1,1,0,23,0,also fun afternoon 4hers oklahoma4h learning projects bit coding,0.5106,0.292,0.708,0.0
Fri Jun 14 23:00:58 +0000 2019,"Amazing day in Oklahoma yesterday where we announced the expansion of our data center in Mayes County and our @googleorg grant to @4H. Special thanks to @GovStitt, Mayor Larry Lees, @JSirangelo and all of our guests for joining us, and for everyone‚Äôs warm Southern hospitality! https://t.co/MF7SLFpohC",121,1,2,1,1,0,23,0,amazing day oklahoma yesterday announced expansion data center mayes county googleorg grant 4h special thanks govstitt mayor larry lees jsirangelo guests joining us everyones warm southern hospitality,0.9153,0.385,0.615,0.0
Fri Jun 14 21:38:50 +0000 2019,@JSirangelo @Oklahoma4H @4H Really enjoyed meeting and spending time with 4H‚Äôers in Oklahoma yesterday. We‚Äôre proud to partner with @4H to bring computer science education to more kids across the country. Thank you for all that you do! Love the soccer ball:),11,1,1,0,1,0,21,0,jsirangelo oklahoma4h 4h really enjoyed meeting spending time 4hers oklahoma yesterday proud partner 4h bring computer science education kids across country thank love soccer ball,0.9245,0.389,0.611,0.0
Fri Jun 14 21:37:16 +0000 2019,"@GovStitt @Google Thank you @GovStitt for joining us, and for your leadership and vision in making Oklahoma a great place to innovate and build businesses. We‚Äôre grateful for the partnership and happy to be expanding our presence here.",23,1,1,0,1,0,21,0,govstitt google thank govstitt joining us leadership vision making oklahoma great place innovate build businesses grateful partnership happy expanding presence,0.9552,0.569,0.431,0.0
Thu Jun 13 17:21:59 +0000 2019,"This morning in Oklahoma, we announced a $600 million investment to expand our data center in Pryor and a $6M grant to @4H to bring computer science education to young people across the country. https://t.co/15Yrg2pznD",525,1,1,0,1,0,17,0,morning oklahoma announced 600 million investment expand data center pryor 6m grant 4h bring computer science education young people across country,0.5859,0.202,0.798,0.0
Thu Jun 13 00:56:38 +0000 2019,@RepDelBene Great discussion today - excited to see how the #USMCA will empower small businesses with digital tools across North America and beyond. Thanks again to @RepDelBene &amp; @RepLaHood for hosting!,12,1,1,0,1,0,0,1,repdelbene great discussion today excited see usmca empower small businesses digital tools across north america beyond thanks repdelbene amp replahood hosting,0.8555,0.343,0.657,0.0
Wed Jun 12 21:30:29 +0000 2019,@RepLaHood Thank you @replahood &amp; @repdelbene for a great discussion today - look forward to working together to bring digital trade and export opportunities to businesses across the US,15,1,1,0,1,0,21,0,replahood thank replahood amp repdelbene great discussion today look forward working together bring digital trade export opportunities businesses across us,0.8481,0.351,0.649,0.0
Mon May 20 15:10:31 +0000 2019,"At #io19, we previewed our @GoogleAI efforts to help detect lung cancer. Today we‚Äôre publishing our work in @NatureMedicine showing how these methods could boost chances of survival for many people at risk around the world  https://t.co/bH0D502J6g",629,1,1,0,1,0,15,1,io19 previewed googleai efforts help detect lung cancer today publishing work naturemedicine showing methods could boost chances survival many people risk around world,-0.0772,0.227,0.568,0.205
Thu May 16 17:13:32 +0000 2019,"This Global Accessibility Awareness Day, we're announcing updates to Live Transcribe, a tool that provides real-time transcriptions on Android. It'll soon show sound events - like a knock on the door - and enable transcripts to be saved on device. #GAAD https://t.co/hMltPZ2S75",303,1,1,0,1,0,17,1,global accessibility awareness day announcing updates live transcribe tool provides realtime transcriptions android itll soon show sound events like knock door enable transcripts saved device gaad,0.6486,0.181,0.819,0.0
Tue May 14 08:09:23 +0000 2019,"Last week at #io19, we talked about our focus on building products that are private and secure for everyone. Today, we‚Äôre excited to open our Safety Engineering Center in Munich, Germany -- serving as a new global hub for privacy and safety engineering. https://t.co/ggxodjBBQa",258,1,1,0,1,0,8,1,last week io19 talked focus building products private secure everyone today excited open safety engineering center munich germany serving new global hub privacy safety engineering,0.8555,0.331,0.669,0.0
Mon May 13 13:47:28 +0000 2019,"In 2018, our search and advertising tools helped generate $335 billion in economic activity for millions of US businesses, nonprofits &amp; publishers. We‚Äôre proud to support local businesses across the country to use the power of the web to grow and thrive. https://t.co/O7IOqYDxds",252,1,1,0,1,0,13,0,2018 search advertising tools helped generate 335 billion economic activity millions us businesses nonprofits amp publishers proud support local businesses across country use power web grow thrive,0.7003,0.188,0.812,0.0
Fri May 10 01:49:59 +0000 2019,#io19 is a wrap and a big thanks to all who joined us in person and online! Was so glad I got to meet some of you at Shoreline - I‚Äôm inspired by your stories and can‚Äôt wait to see what you build next:) https://t.co/2ODXw4iNPg,365,1,2,1,1,0,1,1,io19 wrap big thanks joined us person online glad got meet shoreline inspired stories cant wait see build next,0.8442,0.363,0.637,0.0
Thu May 09 16:04:11 +0000 2019,"#GrowWithGoogle has now helped train 10M people in digital skills across Europe, Middle East &amp; Africa since 2017. It's a great milestone and we will continue our work helping people learn new digital skills, find jobs and grow their businesses. https://t.co/MWBctL7QUE",226,1,1,0,1,0,16,1,growwithgoogle helped train 10m people digital skills across europe middle east amp africa since 2017 great milestone continue work helping people learn new digital skills find jobs grow businesses,0.743,0.189,0.811,0.0
Tue May 07 22:13:22 +0000 2019,"RT @backlon: Here ‚Äôtis, my Pixel 3A and 3A XL review.

They‚Äôre super super good at $400.

https://t.co/wmpps8LC2u",160,1,1,0,1,0,22,0,rt backlon tis pixel 3a 3a xl review theyre super super good 400,0.8934,0.517,0.483,0.0
Tue May 07 22:03:27 +0000 2019,@LanceUlanoff @bts_bighit Yolo!,4429,1,1,0,1,0,22,0,lanceulanoff btsbighit yolo,0.2732,0.512,0.488,0.0
Tue May 07 21:55:53 +0000 2019,"@pierce Agreed, the experience could be much better. We'll be working on it.",19,1,1,0,1,0,21,0,pierce agreed experience could much better well working,0.7269,0.587,0.413,0.0
Tue May 07 18:53:03 +0000 2019,"Today at #io19 we talked about our vision for building a more helpful Google for everyone: our efforts on AI, Google Search &amp; the Assistant, Android, privacy &amp; security, accessibility &amp; more - of course, new devices for you to check out too:) https://t.co/UENWfmYWW9",879,1,1,0,1,0,18,1,today io19 talked vision building helpful google everyone efforts ai google search amp assistant android privacy amp security accessibility amp course new devices check,0.7351,0.255,0.745,0.0
Tue May 07 16:35:24 +0000 2019,It‚Äôs almost time‚Ä¶watch the I/O keynote live here at 10:00am PT...#io19 https://t.co/Tv6Z97Yudc https://t.co/u00d8t8888,543,1,2,1,1,0,16,0,almost timewatch io keynote live 1000am ptio19,0.0,0.0,1.0,0.0
Mon May 06 23:25:35 +0000 2019,"To all the educators that go above and beyond each and every day, happy #TeacherAppreciationWeek! Today we're making $5 million in grants from @googleorg to match donations through @donorschoose, a nonprofit org that helps teachers get funding for classroom resources &amp; projects https://t.co/hW2QV8wiQ4",287,1,1,0,1,0,23,1,educators go beyond every day happy teacherappreciationweek today making 5 million grants googleorg match donations donorschoose nonprofit org helps teachers get funding classroom resources amp projects,0.802,0.272,0.728,0.0
Thu Apr 11 17:06:18 +0000 2019,"@SusanWojcicki @mipaltan @lionsdenkxip So jealous, you have no idea! That inning by @KieronPollard55 !! What a great atmosphere and incredible finish to the match:)",161,1,1,0,1,0,17,0,susanwojcicki mipaltan lionsdenkxip jealous idea inning kieronpollard55 great atmosphere incredible finish match,0.2732,0.24,0.585,0.175
Thu Apr 11 01:37:09 +0000 2019,"Your Android phone can now be your security key for 2-step verification - it‚Äôs built into devices running Android 7.0+, making it easier to log into your Google Account securely https://t.co/jDUgGp1An1",350,1,1,0,1,0,1,0,android phone security key 2step verification built devices running android 70 making easier log google account securely,0.765,0.352,0.648,0.0
Thu Apr 11 01:00:35 +0000 2019,RT @Google: ‚ú®Space-cial #GoogleDoodle Alert‚ú® https://t.co/eCwFjcGkJD,702,1,2,1,1,0,1,1,rt google spacecial googledoodle alert,0.296,0.355,0.645,0.0
Wed Apr 10 15:31:40 +0000 2019,What an incredible effort by @ehtelescope scientists to capture the first black hole image - huge congrats! https://t.co/2zHuTz85wm,333,1,1,0,1,0,15,0,incredible effort ehtelescope scientists capture first black hole image huge congrats,0.6908,0.388,0.612,0.0
Wed Apr 10 04:05:21 +0000 2019,"In just over a year into our @Googleorg partnership with @GoodwillIntl, we've helped a quarter of a million Americans learn new digital skills, and 27,000 people find a job. #GrowWithGoogle https://t.co/tfqxKixJmh",118,1,1,0,1,0,4,1,year googleorg partnership goodwillintl weve helped quarter million americans learn new digital skills 27000 people find job growwithgoogle,0.0,0.0,1.0,0.0
Tue Apr 09 16:33:02 +0000 2019,"Today at #GoogleNext19, we unveiled our vision for a more helpful Cloud. Anthos brings together the simplicity of open-source platforms, Google‚Äôs deep technical and security expertise, and the freedom to choose the right cloud partner for the job https://t.co/IHOYuoEcBO",463,1,1,0,1,0,16,1,today googlenext19 unveiled vision helpful cloud anthos brings together simplicity opensource platforms googles deep technical security expertise freedom choose right cloud partner job,0.886,0.375,0.625,0.0
Mon Apr 08 17:28:47 +0000 2019,"#GrowWithGoogle coming to NYC: for the next five months, our new classroom space in Chelsea will be open for anyone to learn digital skills to find jobs, advance their career, and grow their business https://t.co/i37tKVM7wN",208,1,1,0,1,0,17,1,growwithgoogle coming nyc next five months new classroom space chelsea open anyone learn digital skills find jobs advance career grow business,0.0,0.0,1.0,0.0
Mon Apr 01 15:02:57 +0000 2019,"Gmail turns 15 today, no joke:) Thank you to our 1.5B+ users around the world for all of your support! #HBDGmail https://t.co/4qn9tqw8Y4",1481,1,1,0,1,0,15,1,gmail turns 15 today joke thank 15b users around world support hbdgmail,0.7506,0.451,0.549,0.0
Wed Mar 27 13:21:56 +0000 2019,"Congrats to Geoff Hinton, Yoshua Bengio &amp; Yann LeCun on winning this year's Turing Award. Their groundbreaking work on deep neural networks has transformed not just computing and AI, but nearly every other scientific field today https://t.co/EMJvX9UUip",624,1,1,0,1,0,13,0,congrats geoff hinton yoshua bengio amp yann lecun winning years turing award groundbreaking work deep neural networks transformed computing ai nearly every scientific field today,0.8834,0.319,0.681,0.0
Thu Mar 21 17:06:10 +0000 2019,Today's #googledoodle is the first ever to be powered by #GoogleAI! Pretty to fun to try out and see how AI and humans can be creative together:) More on the ML model that powers the #BachDoodle: https://t.co/1CC0iFuKiN https://t.co/d5c5ESSIwB,919,1,1,0,1,0,17,3,todays googledoodle first ever powered googleai pretty fun try see ai humans creative together ml model powers bachdoodle,0.8555,0.385,0.615,0.0
Wed Mar 20 04:26:11 +0000 2019,"RT @claybavor: I doubt that there is any string of search keywords that would get you to the answer of what kind of car this is.

(It's a v‚Ä¶",137,1,1,0,1,0,4,0,rt claybavor doubt string search keywords would get answer kind car v,0.2263,0.228,0.604,0.168
Tue Mar 19 18:34:33 +0000 2019,"This morning at #GDC2019 we unveiled @GoogleStadia: together with the game community of players, viewers and developers, we can create a new games experience powered by the best of Google and built for everyone https://t.co/RDsucuvIcM https://t.co/aRoCwwAkVg",989,1,2,1,1,0,18,1,morning gdc2019 unveiled googlestadia together game community players viewers developers create new games experience powered best google built everyone,0.743,0.27,0.73,0.0
Wed Mar 13 16:57:50 +0000 2019,"The new Lookout app helps blind or visually impaired people by verbally describing the words, objects, people, etc that are around them. Very proud to see our #googleAI work applied to help users in this way https://t.co/7Bjt4RvKip",597,1,1,0,1,0,16,1,new lookout app helps blind visually impaired people verbally describing words objects people etc around proud see googleai work applied help users way,0.6908,0.279,0.631,0.09
Wed Mar 13 08:02:41 +0000 2019,RT @VentureBeat: Gboard on Pixel phones now uses an on-device neural network for speech recognition https://t.co/yYV8UZsG8n by @Kyle_L_Wigg‚Ä¶,68,1,1,0,1,0,8,0,rt venturebeat gboard pixel phones uses ondevice neural network speech recognition kylelwigg,0.0,0.0,1.0,0.0
Mon Mar 11 16:22:28 +0000 2019,"At I/O last year, gave an update on our #GoogleAI work in detecting diabetic retinopathy. Very encouraged by the continued progress in our efforts, particularly in India https://t.co/YjnZIs4wNa",467,1,1,0,1,0,16,1,io last year gave update googleai work detecting diabetic retinopathy encouraged continued progress efforts particularly india,0.6486,0.275,0.725,0.0
Sat Mar 09 07:52:52 +0000 2019,"RT @LorraineTwohill: Digital rights are women‚Äôs rights, and women‚Äôs rights are digital rights. I firmly believe that. Thank you to the @UN‚Ä¶",121,1,1,0,1,0,7,0,rt lorrainetwohill digital rights womens rights womens rights digital rights firmly believe thank un,0.3612,0.161,0.839,0.0
Fri Mar 08 11:47:42 +0000 2019,"Earlier this week, we launched #Bolo in India: a reading tutor app powered by #GoogleAI text-to-speech &amp; speech recognition. Had the chance to visit some students today who are learning to read using Bolo, excited for all the great books they‚Äôll discover! https://t.co/HVwZe4SAMk https://t.co/H6vVYD8SNV",824,1,2,1,1,0,11,2,earlier week launched bolo india reading tutor app powered googleai texttospeech amp speech recognition chance visit students today learning read using bolo excited great books theyll discover,0.8402,0.303,0.697,0.0
Fri Mar 08 09:06:15 +0000 2019,"In Mumbai today and happy to celebrate #IWD2019 with the India chapter of Women@Google at their ‚ÄúI Am Remarkable‚Äù event. Thank you for inspiring me with your stories about the experiences, challenges and triumphs of being women in tech. https://t.co/0W8eXVFk3c",351,1,2,1,1,0,9,1,mumbai today happy celebrate iwd2019 india chapter womengoogle remarkable event thank inspiring stories experiences challenges triumphs women tech,0.9618,0.652,0.348,0.0
Wed Mar 06 20:09:49 +0000 2019,"TensorFlow Privacy, using techniques based on  differential privacy, will make it easier for developers to train ML models with privacy and better protect users' data in their AI development. #GoogleAI https://t.co/niG8Q6nyye",296,1,1,0,1,0,20,1,tensorflow privacy using techniques based differential privacy make easier developers train ml models privacy better protect users data ai development googleai,0.8074,0.316,0.684,0.0
Sat Mar 02 04:44:40 +0000 2019,RT @SusanWojcicki: Great to see so many familiar @YouTube @Google faces today at the #LWTSummit! https://t.co/JUdARgkVsH,67,1,2,1,1,0,4,1,rt susanwojcicki great see many familiar youtube google faces today lwtsummit,0.6249,0.291,0.709,0.0
Tue Feb 26 17:36:06 +0000 2019,"we‚Äôve been applying ML to better predict and optimize the output of energy at some of our wind farms, boosting its value by 20%. Early results suggest that we can use these algorithms to make wind power more predictable and valuable, exciting to see real-world applications of AI https://t.co/WyW43UIdcQ",677,1,1,0,1,0,17,0,weve applying ml better predict optimize output energy wind farms boosting value 20 early results suggest use algorithms make wind power predictable valuable exciting see realworld applications ai,0.9538,0.479,0.521,0.0
Mon Feb 25 06:04:43 +0000 2019,"RT @harrymccracken: Pssst, this @JRRaphael extravaganza just went live and will change how you think about Google Search. https://t.co/MeBy‚Ä¶",79,1,1,0,1,0,6,0,rt harrymccracken pssst jrraphael extravaganza went live change think google search,0.0,0.0,1.0,0.0
Wed Feb 13 18:04:04 +0000 2019,"Today we‚Äôre announcing that Google will be investing $13 billion in offices and data centers in the US this year. With this new investment, we‚Äôll now have a home in 24 total states, including data centers in 13 communities. https://t.co/IPZJNPXp5l",954,1,1,0,1,0,18,0,today announcing google investing 13 billion offices data centers us year new investment well home 24 total states including data centers 13 communities,0.2732,0.087,0.913,0.0
Wed Feb 13 08:49:08 +0000 2019,"Philippines is the 6th country where we'll be launching Google Station, bringing free wifi to 50 locations in the country by the end of this month so that more users can have reliable, high quality access to the internet #Google4PH https://t.co/u6aEhDpxmd",388,1,1,0,1,0,8,1,philippines 6th country well launching google station bringing free wifi 50 locations country end month users reliable high quality access internet google4ph,0.6597,0.213,0.787,0.0
Tue Feb 12 17:48:05 +0000 2019,A Cleveland church that once worked with MLK is now working to close the digital divide in black communities. Proud to partner with organizations across the country to help provide digital skills training for everyone. #BlackHistoryMonth #GrowWithGoogle https://t.co/dhwHSdrzsn,121,1,1,0,1,0,17,2,cleveland church worked mlk working close digital divide black communities proud partner organizations across country help provide digital skills training everyone blackhistorymonth growwithgoogle,0.7003,0.216,0.784,0.0
Thu Feb 07 20:10:02 +0000 2019,"Another example of #GoogleAI working at scale to help and protect our users: with our ML models and @TensorFlow, we're now able to detect and block an additional 100M spam messages per day in @gmail https://t.co/MwNqSwJVCz",347,1,1,0,1,0,20,1,another example googleai working scale help protect users ml models tensorflow able detect block additional 100m spam messages per day gmail,-0.0258,0.191,0.614,0.195
Tue Feb 05 21:11:14 +0000 2019,"Today, we‚Äôre introducing two new updates that will help keep your data secure: Password Checkup, a Chrome extension that helps protect your accounts from third party data breaches, and a new feature called Cross Account Protection #saferinternetday
https://t.co/L4JSztM69Q https://t.co/CuHKYF1Ghh",971,1,2,1,1,0,21,1,today introducing two new updates help keep data secure password checkup chrome extension helps protect accounts third party data breaches new feature called cross account protection saferinternetday,0.9001,0.371,0.629,0.0
Mon Feb 04 16:52:00 +0000 2019,RT @LaurenGoode: Google‚Äôs newest apps offer live transcriptions and sound amplification for the deaf and hard-of-hearing. While the apps wo‚Ä¶,183,1,1,0,1,0,16,0,rt laurengoode googles newest apps offer live transcriptions sound amplification deaf hardofhearing apps wo,0.0,0.0,1.0,0.0
Fri Feb 01 19:16:13 +0000 2019,ü¶âüòâ https://t.co/CWtsZtqLU0,413,1,1,0,1,0,19,0,,0.0,0.0,0.0,0.0
Fri Jan 25 23:03:11 +0000 2019,Glad the transmission was received:) See you at Shoreline Amphitheatre May 7-9 for this year's I/O! #io19 https://t.co/CXWpQR4Eza,1176,1,2,1,1,0,23,1,glad transmission received see shoreline amphitheatre may 79 years io io19,0.4588,0.231,0.769,0.0
Tue Jan 22 23:36:42 +0000 2019,Thrilled to celebrate the opening of our new #Berlin office! (And shout out to Berlin-based artist Roman Lipski for his cool mural created with the help of #AI) https://t.co/EKH797cMEK,274,1,2,1,1,0,23,2,thrilled celebrate opening new berlin office shout berlinbased artist roman lipski cool mural created help ai,0.9118,0.553,0.447,0.0
Tue Jan 22 18:46:03 +0000 2019,"So happy to be back in Germany! First stop was a chat with the students @TUBerlin about AI and responsible innovation. Thanks so much for having me, and for all of your thoughtful questions - sorry we didn't have time to get to all 300 of them!:) https://t.co/FF7ca72IaK",329,1,2,1,1,0,18,0,happy back germany first stop chat students tuberlin ai responsible innovation thanks much thoughtful questions sorry didnt time get 300,0.891,0.461,0.425,0.114
Mon Jan 21 22:12:47 +0000 2019,"Great discussion with leaders from across Central &amp; Eastern Europe about the region‚Äôs potential as Digital Challengers. Google is committed to supporting them: we're investing $20M by 2020 in programs &amp; training to help people grow their skills, careers and businesses. https://t.co/UpJxUuYD5L",333,1,2,1,1,0,22,0,great discussion leaders across central amp eastern europe regions potential digital challengers google committed supporting investing 20m 2020 programs amp training help people grow skills careers businesses,0.9042,0.375,0.625,0.0
Mon Jan 21 15:49:14 +0000 2019,"@PremierRP @MorawieckiM @Google Thank you Prime Minister @MorawieckiM for our discussion about the opportunities that technology brings, and how we can work together to ensure that it serves everyone",24,1,1,0,1,0,15,0,premierrp morawieckim google thank prime minister morawieckim discussion opportunities technology brings work together ensure serves everyone,0.7717,0.372,0.628,0.0
Mon Jan 21 15:12:12 +0000 2019,"Today our doodle honors the life and work of Dr. Martin Luther King, Jr. Special thanks to guest artist Xia Gordon (@carefulblackgrl) for her beautiful artwork. #MLKDay https://t.co/5zkJGrwRtW",272,1,1,0,1,0,15,1,today doodle honors life work dr martin luther king jr special thanks guest artist xia gordon carefulblackgrl beautiful artwork mlkday,0.9153,0.444,0.556,0.0
Wed Jan 16 05:23:25 +0000 2019,Great summary of our Research and AI work in 2018 from @JeffDean and @GoogleAI https://t.co/dunp1pQzeQ,202,1,1,0,1,0,5,0,great summary research ai work 2018 jeffdean googleai,0.6249,0.369,0.631,0.0
Tue Jan 08 05:27:36 +0000 2019,So great to have @JimmyFallon @KermitTheFrog @MandyRheaWrites as our guest judges for #DoodleForGoogle this year! Also check out 2018 US winner 1st grader Sarah Gomez-Lane's doodle live on our homepage right now:) https://t.co/JXKR1qYoK7,113,1,1,0,1,0,5,1,great jimmyfallon kermitthefrog mandyrheawrites guest judges doodleforgoogle year also check 2018 us winner 1st grader sarah gomezlanes doodle live homepage right,0.836,0.294,0.706,0.0
Mon Jan 07 07:28:32 +0000 2019,"Nice in depth look from the Times on @demishassabis and @DeepMindAI effort, excited at the progress around AlphaZero and AlphaFold! https://t.co/AkLqlvLUnl",220,1,1,0,1,0,7,0,nice depth look times demishassabis deepmindai effort excited progress around alphazero alphafold,0.7906,0.471,0.529,0.0
Thu Dec 20 19:24:27 +0000 2018,"The First Step Act is an important moment in reforming our criminal justice system to ensure it‚Äôs equal, consistent and fair for everyone. Google &amp; @googleorg have long backed efforts to improve the system - more to be done, but encouraging news! https://t.co/JVdz3hS1Sz",220,1,1,0,1,0,19,0,first step act important moment reforming criminal justice system ensure equal consistent fair everyone google amp googleorg long backed efforts improve system done encouraging news,0.9022,0.462,0.449,0.09
Thu Dec 13 20:54:21 +0000 2018,"In Sept, a fire struck the National Museum of Brazil, home to one of the largest collections of natural history in the world. An estimated 20M pieces were lost. Through partnership w/ @MuseuNacional, we‚Äôre proud to help bring the lost collection online https://t.co/LuANOZ6us0",293,1,1,0,1,0,20,0,sept fire struck national museum brazil home largest collections natural history world estimated 20m pieces lost partnership w museunacional proud help bring lost collection online,0.0772,0.242,0.496,0.262
Wed Dec 12 08:05:31 +0000 2018,"In a year of ups and downs, the world searched for ""good"" more than ever before. Here‚Äôs to all the good moments from 2018 and all the people who searched for them. #YearInSearch https://t.co/hj2FnX4mR4",1460,1,1,0,1,0,8,1,year ups downs world searched good ever heres good moments 2018 people searched yearinsearch,0.7003,0.326,0.674,0.0
Wed Dec 05 03:51:00 +0000 2018,"RT @Jacqfuller: With @GoogleOrg's $2M grant, @TLM will expand their program to prepare incarcerated individuals for successful re-entry to‚Ä¶",48,1,1,0,1,0,3,0,rt jacqfuller googleorgs 2m grant tlm expand program prepare incarcerated individuals successful reentry,0.8225,0.462,0.538,0.0
Tue Dec 04 02:47:26 +0000 2018,"At Google, our best stuff comes not from 'lone inventors,' but from people working together. Often over coffee or soft-serve. Fortunate to work with Sanjay and @JeffDean https://t.co/1CoXrhuH8v",508,1,1,0,1,0,2,0,google best stuff comes lone inventors people working together often coffee softserve fortunate work sanjay jeffdean,0.7184,0.32,0.586,0.095
Tue Dec 04 01:47:48 +0000 2018,RT @Gizmodo: Google's virtual Vermeer museum is a legitimately cool use of AR https://t.co/7KVOCnBoEG https://t.co/g2ED57GbBM,64,1,2,1,1,0,1,0,rt gizmodo googles virtual vermeer museum legitimately cool use ar,0.3182,0.204,0.796,0.0
Tue Dec 04 00:34:11 +0000 2018,"RT @Google: In our 48-hour hackathon with @AdaptiveDesign, five kids worked with designers and developers to prototype games to make learni‚Ä¶",210,1,1,0,1,0,0,0,rt google 48hour hackathon adaptivedesign five kids worked designers developers prototype games make learni,0.0,0.0,1.0,0.0
Mon Dec 03 22:48:45 +0000 2018,We're proud to support #CSEdWeek and #HourOfCode with #CSFirst activities like this one - happy coding! https://t.co/jOCCnkEK8Q,66,1,1,0,1,0,22,3,proud support csedweek hourofcode csfirst activities like happy coding,0.9001,0.706,0.294,0.0
Mon Dec 03 04:37:14 +0000 2018,Excited to see the progress in such an important area from @DeepMindAI https://t.co/MoSuiEN9JD,165,1,1,0,1,0,4,0,excited see progress important area deepmindai,0.7184,0.7,0.3,0.0
Sun Dec 02 05:55:03 +0000 2018,RT @MollyJongFast: Watching this makes me 20 percent less depressed. https://t.co/moY1EFlFIy,692,1,1,0,1,0,5,0,rt mollyjongfast watching makes 20 percent less depressed,-0.4601,0.0,0.7,0.3
Sun Dec 02 05:54:11 +0000 2018,RT @FCBarcelona: ‚¨áÔ∏è List of players better than Messi üêê https://t.co/kFSrZ0868u,31182,1,1,0,1,0,5,0,rt fcbarcelona list players better messi,0.4404,0.367,0.633,0.0
Sat Dec 01 05:25:29 +0000 2018,@georgepbush Sorry for your loss and may his memory be a blessing,17,1,1,0,1,0,5,0,georgepbush sorry loss may memory blessing,0.1531,0.327,0.306,0.367
Sat Dec 01 05:17:26 +0000 2018,Saddened by the passing of President George H.W. Bush. Thank you for your lifetime of tireless service and leadership to our country. RIP,996,1,1,0,1,0,5,0,saddened passing president george hw bush thank lifetime tireless service leadership country rip,-0.2263,0.148,0.651,0.201
Thu Nov 29 15:39:09 +0000 2018,Libraries are hubs for knowledge &amp; learning in every community - thrilled we‚Äôre expanding our partnership with @ALALibrary and working with local libraries to provide #GrowWithGoogle digital skills training across the US. https://t.co/ACLuezqsCh,415,1,1,0,1,0,15,1,libraries hubs knowledge amp learning every community thrilled expanding partnership alalibrary working local libraries provide growwithgoogle digital skills training across us,0.4404,0.127,0.873,0.0
Thu Nov 22 21:46:56 +0000 2018,We're thankful for all of the first responders who continue to battle the wildfires in California and help those who were displaced. There's much more to be done and we‚Äôll stay engaged in support of recovery efforts. https://t.co/EQTyVjCUBc,222,1,1,0,1,0,21,0,thankful first responders continue battle wildfires california help displaced theres much done well stay engaged support recovery efforts,0.8834,0.488,0.421,0.091
Tue Nov 13 18:27:53 +0000 2018,RT @demishassabis: We are immensely proud of all the Streams team has achieved. DeepMind will continue to lead the way in fundamental resea‚Ä¶,102,1,1,0,1,0,18,0,rt demishassabis immensely proud streams team achieved deepmind continue lead way fundamental resea,0.4767,0.205,0.795,0.0
Sun Nov 11 17:16:02 +0000 2018,Thank you to all veterans for your service and for the sacrifices you've made to protect our freedom. Our doodle today honors you and your stories. https://t.co/dhTBsYJaus,356,1,1,0,1,0,17,0,thank veterans service sacrifices youve made protect freedom doodle today honors stories,0.9118,0.612,0.388,0.0
Fri Nov 09 20:40:15 +0000 2018,"We are mobilizing to support those impacted by the #CampFire, #HillFire and #WoolseyFire with SOS Alerts, and committing resources from @googleorg to aid those in need. Our thoughts are with all those displaced by these fires.",320,1,1,0,1,0,20,3,mobilizing support impacted campfire hillfire woolseyfire sos alerts committing resources googleorg aid need thoughts displaced fires,0.4588,0.222,0.778,0.0
Fri Nov 09 06:00:51 +0000 2018,RT @stshank: The @GoogleAI and @googlecloud folks are helping the @nytimes process 5-7 million analog photos from its morgue dating back to‚Ä¶,118,1,1,0,1,0,6,0,rt stshank googleai googlecloud folks helping nytimes process 57 million analog photos morgue dating back,0.296,0.136,0.864,0.0
Tue Nov 06 17:34:13 +0000 2018,RT @Google: Go Vote: Here‚Äôs where to find the information you need to make your voice heard on #ElectionDay.,2369,1,1,0,1,0,17,1,rt google go vote heres find information need make voice heard electionday,0.0,0.0,1.0,0.0
Tue Nov 06 06:48:26 +0000 2018,RT @AndrewCrow: Amazing change to Google's site. #GoVote https://t.co/cnQwJp09TI,779,1,2,1,1,0,6,1,rt andrewcrow amazing change googles site govote,0.5859,0.388,0.612,0.0
Mon Oct 29 18:00:52 +0000 2018,"We‚Äôre announcing our AI for Social Good program, applying @GoogleAI expertise to projects w/ positive societal impact. We invite researchers &amp; orgs to submit ideas for the #GoogleAI Impact Challenge: @googleorg will fund $25M in grants to chosen projects https://t.co/W3BMoueTYo",1360,1,1,0,1,0,18,1,announcing ai social good program applying googleai expertise projects w positive societal impact invite researchers amp orgs submit ideas googleai impact challenge googleorg fund 25m grants chosen projects,0.8519,0.339,0.661,0.0
Tue Oct 23 05:39:50 +0000 2018,RT @guardian: Google Home Hub review: the smart display to buy https://t.co/SELJ1z7Huh,55,1,1,0,1,0,5,0,rt guardian google home hub review smart display buy,0.4019,0.252,0.748,0.0
Tue Oct 23 03:30:11 +0000 2018,"RT @SusanWojcicki: Proud to share that earlier today, we announced that YouTube is investing $20M in YouTube Learning, a new initiative to‚Ä¶",294,1,1,0,1,0,3,0,rt susanwojcicki proud share earlier today announced youtube investing 20m youtube learning new initiative,0.6486,0.306,0.694,0.0
Mon Oct 22 20:20:21 +0000 2018,"Happy 10th birthday @Android! Many thanks to all of our users, developers and partners around the world! #HBDAndroid https://t.co/62iIGiD5Lv",2097,1,2,1,1,0,20,1,happy 10th birthday android many thanks users developers partners around world hbdandroid,0.765,0.398,0.602,0.0
Thu Oct 18 15:14:36 +0000 2018,"RT @Google: To bring American Sign Language to #Gboard, we collaborated with Deaf artist and advocate Jessica Flores to create a collection‚Ä¶",256,1,1,0,1,0,15,1,rt google bring american sign language gboard collaborated deaf artist advocate jessica flores create collection,0.2732,0.13,0.87,0.0
Wed Oct 17 06:23:26 +0000 2018,RT @SusanWojcicki: YouTube is back.  Sorry to everyone who was impacted. Thank you to the teams who resolved this. https://t.co/703DvCgzE5,195,1,1,0,1,0,6,0,rt susanwojcicki youtube back sorry everyone impacted thank teams resolved,0.4404,0.336,0.56,0.104
Tue Oct 16 03:07:23 +0000 2018,Always great to catch up with @stevenlevy - enjoyed our chat about AI and the future of tech. Thanks @wired for having me! #WIRED25 https://t.co/pNEp04Wc42,172,1,2,1,1,0,3,1,always great catch stevenlevy enjoyed chat ai future tech thanks wired wired25,0.8834,0.534,0.466,0.0
Mon Oct 15 22:52:48 +0000 2018,We lost a great technology pioneer today - thank you Paul Allen for your immense contributions to the world through your work and your philanthropy. Thoughts are with his family and the entire Microsoft community.,1336,1,1,0,1,0,22,0,lost great technology pioneer today thank paul allen immense contributions world work philanthropy thoughts family entire microsoft community,0.6486,0.276,0.628,0.096
Mon Oct 15 21:06:14 +0000 2018,"RT @lynnlaaa: I reviewed the #Pixel3! TL;DR:
üì∏ The camera is awesome, esp. the low-light and HDR
üÜó Wide-angle selfies are fun and similar w‚Ä¶",54,1,1,0,1,0,21,1,rt lynnlaaa reviewed pixel3 tldr camera awesome esp lowlight hdr wideangle selfies fun similar w,0.6597,0.346,0.514,0.14
Mon Oct 15 20:03:05 +0000 2018,RT @backlon: Here‚Äôs my review of the Pixel 3 and Pixel 3 XL. They are stupendous phones. And spoiler alert: the best cameras on a smartphon‚Ä¶,104,1,1,0,1,0,20,0,rt backlon heres review pixel 3 pixel 3 xl stupendous phones spoiler alert best cameras smartphon,0.7506,0.348,0.652,0.0
Fri Oct 12 22:35:34 +0000 2018,Encouraged by the progress in our #GoogleAI work on metastatic breast cancer detection: pathologists + our AI models working together are more accurate in identifying tumors than either on its own https://t.co/YUWGGNNR6v,490,1,1,0,1,0,22,1,encouraged progress googleai work metastatic breast cancer detection pathologists ai models working together accurate identifying tumors either,-0.0258,0.224,0.591,0.186
Thu Oct 11 00:57:22 +0000 2018,It‚Äôs been a tough hurricane season for the Southeastern US. We‚Äôre thinking of those affected by #HurricaneMichael: donating $1M from @Googleorg &amp; Googlers and supporting the efforts of @FLGovScott @GovernorDeal @GovernorKayIvey @henrymcmaster @NC_Governor to help those impacted,173,1,1,0,1,0,0,1,tough hurricane season southeastern us thinking affected hurricanemichael donating 1m googleorg amp googlers supporting efforts flgovscott governordeal governorkayivey henrymcmaster ncgovernor help impacted,0.5423,0.21,0.674,0.116
Wed Oct 10 01:38:57 +0000 2018,"RT @LaurenGoode: Google's Pixel 3 phone still has a single rear camera lens. So how is the camera better? AI, some hardware updates, but al‚Ä¶",173,1,1,0,1,0,1,0,rt laurengoode googles pixel 3 phone still single rear camera lens camera better ai hardware updates al,0.4404,0.162,0.838,0.0
Tue Oct 09 16:13:53 +0000 2018,"Today we unveiled a new #madebygoogle family: 2 Pixel phones, Home Hub smart display with the Google Assistant, Pixel Slate tablet running Chrome OS &amp; more - all bringing together the best of #GoogleAI, software and hardware to help you get things done https://t.co/26S840izte",652,1,1,0,1,0,16,2,today unveiled new madebygoogle family 2 pixel phones home hub smart display google assistant pixel slate tablet running chrome os amp bringing together best googleai software hardware help get things done,0.8625,0.262,0.738,0.0
Mon Oct 01 20:44:01 +0000 2018,"We‚Äôre deeply saddened about the earthquake and tsunami in Indonesia - @googleorg and Googlers are donating $1M to support relief efforts, and we‚Äôve activated our SOS Alerts to provide emergency info to those impacted",1273,1,1,0,1,0,20,0,deeply saddened earthquake tsunami indonesia googleorg googlers donating 1m support relief efforts weve activated sos alerts provide emergency info impacted,-0.1263,0.206,0.57,0.224
Mon Sep 24 22:16:32 +0000 2018,Making information universally accessible and useful is as core to who we are today as it was when we began 20 years ago - lots of enhancements coming to Google Search #Search20 https://t.co/6TP5cVZp13,371,1,1,0,1,0,22,1,making information universally accessible useful core today began 20 years ago lots enhancements coming google search search20,0.4404,0.153,0.847,0.0
Mon Sep 24 18:18:57 +0000 2018,We're using AI to create more accurate forecasting models to predict when and where floods will occur - proud to partner w/ India‚Äôs Central Water Commission as the first region to roll out early flood warnings in Search #GoogleAI #Searchis20 https://t.co/SmBg5tz8wI,1360,1,1,0,1,0,18,2,using ai create accurate forecasting models predict floods occur proud partner w indias central water commission first region roll early flood warnings search googleai searchis20,0.4588,0.183,0.739,0.077
Fri Sep 21 15:40:25 +0000 2018,"RT @GoogleDoodles: For 31 seasons &amp; 912 episodes, #MisterRogers invited us to be his neighbor. Today, we celebrate his positive impact &amp; al‚Ä¶",925,1,1,0,1,0,15,1,rt googledoodles 31 seasons amp 912 episodes misterrogers invited us neighbor today celebrate positive impact amp al,0.8074,0.327,0.673,0.0
Tue Sep 18 20:43:39 +0000 2018,"Our new #GoogleAI center opened in Paris, France today - thrilled we're working with the scientific community in France on AI research in health, computer vision and more https://t.co/APaTh5ZAu0",564,1,1,0,1,0,20,1,new googleai center opened paris france today thrilled working scientific community france ai research health computer vision,0.5994,0.246,0.754,0.0
Tue Sep 18 17:39:05 +0000 2018,"Our thoughts are with those impacted by this month's catastrophic storms. @googleorg and Googlers are committing $1M to #TyphoonMangkhut recovery, and we continue to match donations up to $1M for #HurricaneFlorence at https://t.co/XjekG3bPs8",212,1,1,0,1,0,17,2,thoughts impacted months catastrophic storms googleorg googlers committing 1m typhoonmangkhut recovery continue match donations 1m hurricaneflorence,-0.4404,0.07,0.757,0.173
Tue Sep 18 16:53:10 +0000 2018,RT @WSJ: Google to partner with biggest global car alliance to power the dashboard media display with its Android operating system https://‚Ä¶,106,1,1,0,1,0,16,0,rt wsj google partner biggest global car alliance power dashboard media display android operating system,0.0,0.0,1.0,0.0
Thu Sep 13 02:30:02 +0000 2018,We've activated our SOS Alert for #HurricaneFlorence to provide relevant emergency info to those who may be in the storm's path - please stay safe https://t.co/fxkaeSzcsr,367,1,2,1,1,0,2,1,weve activated sos alert hurricaneflorence provide relevant emergency info may storms path please stay safe,0.5859,0.352,0.524,0.124
Fri Sep 07 20:44:26 +0000 2018,RT @GoogleForEdu: #BackToSchool is a call to see beyond the syllabus. To our favorite teachers: never stop searching. https://t.co/Upwr6CRQ‚Ä¶,637,1,1,0,1,0,20,1,rt googleforedu backtoschool call see beyond syllabus favorite teachers never stop searching,0.5978,0.328,0.672,0.0
Tue Aug 28 01:10:02 +0000 2018,"RT @YouTube: Congratulations to BTS! 'IDOL' now holds the record for the biggest music video debut in YouTube history, earning over 45 mill‚Ä¶",39762,1,1,0,1,0,1,0,rt youtube congratulations bts idol holds record biggest music video debut youtube history earning 45 mill,0.5994,0.206,0.794,0.0
Mon Aug 27 22:01:40 +0000 2018,"We‚Äôre committed to helping transitioning service members &amp; veterans find work through a new job search feature that matches their military skills to job openings, and with a grant to @the_USO to help provide career guidance &amp; training. #GrowWithGoogle https://t.co/3SRZg8eKDL",366,1,1,0,1,0,22,1,committed helping transitioning service members amp veterans find work new job search feature matches military skills job openings grant theuso help provide career guidance amp training growwithgoogle,0.8176,0.292,0.708,0.0
Sun Aug 26 00:39:12 +0000 2018,"RIP @SenJohnMcCain -- you were a true American hero, and we're grateful for your sacrifice and service to this country for over 60 years. You'll live on in our hearts and be a role model for generations to come.",725,1,1,0,1,0,0,0,rip senjohnmccain true american hero grateful sacrifice service country 60 years youll live hearts role model generations come,0.8555,0.385,0.615,0.0
Sat Jul 28 06:26:31 +0000 2018,"RT @androidcentral: Lenovo Smart Display review: Google Assistant comes to the big screen, and it's really good üôå

https://t.co/96GsqxsKa9",117,1,1,0,1,0,6,0,rt androidcentral lenovo smart display review google assistant comes big screen really good,0.7089,0.349,0.651,0.0
Sat Jul 28 02:56:44 +0000 2018,"Huge thanks to the 25K+ customers, partners and developers who came to #GoogleNext18 - it was great to see everyone in San Francisco! https://t.co/2OKEHytxBx https://t.co/7Ig5g5FvuC",419,1,2,1,1,0,2,1,huge thanks 25k customers partners developers came googlenext18 great see everyone san francisco,0.8519,0.482,0.518,0.0
Thu Jul 26 15:36:45 +0000 2018,"Excited we're expanding Google Station to Nigeria, helping to make the internet more accessible to everyone with free wifi hotspots rolling out through the next year #GoogleForNigeria https://t.co/7YzJN7Lemx",1119,1,1,0,1,0,15,1,excited expanding google station nigeria helping make internet accessible everyone free wifi hotspots rolling next year googlefornigeria,0.7845,0.361,0.639,0.0
Tue Jul 24 14:58:51 +0000 2018,Hello from San Francisco! Looking forward to #GoogleNext18 today - see you on the livestream starting at 9am PT https://t.co/tITk3kVNBe https://t.co/YEk1YSHtj1,318,1,1,0,1,0,14,1,hello san francisco looking forward googlenext18 today see livestream starting 9am pt,0.0,0.0,1.0,0.0
Wed Jul 18 12:28:18 +0000 2018,"Rapid innovation, wide choice, and falling prices are classic hallmarks of robust competition. Android has enabled this and created more choice for everyone, not less. This is why we intend to appeal today's Android decision https://t.co/TnpMZlDV8j",1511,1,1,0,1,0,12,0,rapid innovation wide choice falling prices classic hallmarks robust competition android enabled created choice everyone less intend appeal todays android decision,0.6597,0.273,0.664,0.062
Mon Jul 16 16:48:32 +0000 2018,"This new method powered by @GoogleAI will let neuroscientists map out the neuronal structure of a songbird‚Äôs brain 10x faster, aiding their work to better understand how the brain works https://t.co/8idi9x9n5P",427,1,1,0,1,0,16,0,new method powered googleai let neuroscientists map neuronal structure songbirds brain 10x faster aiding work better understand brain works,0.4404,0.139,0.861,0.0
Sun Jul 15 19:32:20 +0000 2018,"What a great #WorldCup this has been! Congrats to Les Bleus for an amazing run. Such talent on the team and worthy successors to the ""98 France team, one of my all time favorite teams. Hats off to #Croatia for the heart and grit they showed. Will miss early morning soccer games!",814,1,1,0,1,0,19,2,great worldcup congrats les bleus amazing run talent team worthy successors 98 france team time favorite teams hats croatia heart grit showed miss early morning soccer games,0.9661,0.518,0.445,0.037
Tue Jul 10 04:48:34 +0000 2018,Happy to welcome the Vice President of Nigeria @ProfOsinbajo to the Googleplex today - great to chat with him about the opportunities of Nigeria's digital economy https://t.co/XbUBytOpx1,1865,1,2,1,1,0,4,0,happy welcome vice president nigeria profosinbajo googleplex today great chat opportunities nigerias digital economy,0.9246,0.573,0.427,0.0
Mon Jun 25 16:12:15 +0000 2018,We're rolling out our IT Support Professional Certificate program to 25+ community colleges in 7 states this fall. ~40K people have already enrolled since January &amp; we're excited to help more people train for careers in IT #GrowWithGoogle https://t.co/0ljN2HI2XC,528,1,1,0,1,0,16,1,rolling support professional certificate program 25 community colleges 7 states fall 40k people already enrolled since january amp excited help people train careers growwithgoogle,0.7783,0.281,0.719,0.0
Sat Jun 23 03:46:36 +0000 2018,"@thehappykumar Brazil - Germany rematch would be epic given 2014, might even happen in round of 16 - so looking forward to it!",3,1,1,0,1,0,3,0,thehappykumar brazil germany rematch would epic given 2014 might even happen round 16 looking forward,0.0,0.0,1.0,0.0
Sat Jun 23 03:35:58 +0000 2018,"Loving the #WorldCup !! So nice to see countries come and play with so much passion.  Still wide open, worried for my favorite teams but love that the underdogs are doing well. Expect the giants Brazil, Germany, France, Spain to assert themselves soon. Lot of dark horses though",545,1,1,0,1,0,3,1,loving worldcup nice see countries come play much passion still wide open worried favorite teams love underdogs well expect giants brazil germany france spain assert soon lot dark horses though,0.9595,0.469,0.482,0.048
Fri Jun 22 22:46:58 +0000 2018,Happy #Pride from all of us at Google:) https://t.co/CzAv9t7VnE,453,1,2,1,1,0,22,1,happy pride us google,0.7269,0.753,0.247,0.0
Fri Jun 22 19:05:18 +0000 2018,Congrats to @LorraineTwohill and her team for receiving this incredible honor @Cannes_Lions - am so proud of their work throughout the years telling our stories to the world https://t.co/hlMVv69mbZ,102,1,1,0,1,0,19,0,congrats lorrainetwohill team receiving incredible honor canneslions proud work throughout years telling stories world,0.8658,0.469,0.531,0.0
Fri Jun 22 05:01:22 +0000 2018,#GoogleServe is one of my favorite traditions @Google - we work on volunteering projects in our local communities during the month of June. Was glad to be able to do some mock interviews with job seekers as part of our partnership w/ @GoodwillIntl to train &amp; help people find work https://t.co/XWxyfFBiXd,424,1,2,1,1,0,5,1,googleserve favorite traditions google work volunteering projects local communities month june glad able mock interviews job seekers part partnership w goodwillintl train amp help people find work,0.7096,0.26,0.657,0.084
Thu Jun 21 04:57:56 +0000 2018,Grateful for the work these great organizations do to make a difference @theIRC and @mercycorps https://t.co/XUpaloEq4y,152,1,1,0,1,0,4,0,grateful work great organizations make difference theirc mercycorps,0.7964,0.542,0.458,0.0
Tue Jun 19 20:16:23 +0000 2018,"The stories and images of families being separated at the border are gut-wrenching. Urging our government to work together to find a better, more humane way that is reflective of our values as a nation. #keepfamiliestogether",1531,1,1,0,1,0,20,1,stories images families separated border gutwrenching urging government work together find better humane way reflective values nation keepfamiliestogether,0.6808,0.259,0.741,0.0
Wed Jun 13 15:08:10 +0000 2018,"Excited that we'll be opening a new @GoogleAI center in Accra, Ghana - really looking forward to our research teams solving challenges with AI for Africa and beyond https://t.co/dTYvrcebPJ",1147,1,1,0,1,0,15,0,excited well opening new googleai center accra ghana really looking forward research teams solving challenges ai africa beyond,0.7351,0.369,0.631,0.0
Sat Jun 09 00:43:27 +0000 2018,"Looking forward to the updated Search experience for soccer, just in time for the World Cup:)  Excited we‚Äôre bringing more products and updates to users in Brazil and beyond #GoogleforBrazil https://t.co/uwjWADhzeH",143,1,1,0,1,0,0,1,looking forward updated search experience soccer time world cup excited bringing products updates users brazil beyond googleforbrazil,0.34,0.13,0.87,0.0
Fri Jun 08 22:31:50 +0000 2018,"Today we opened our first Google digital hub in Brittany, France to help make digital skills training more accessible to everyone #AteliersGoogle #GrowwithGoogle https://t.co/wLZmRrtj4V",272,1,1,0,1,0,22,2,today opened first google digital hub brittany france help make digital skills training accessible everyone ateliersgoogle growwithgoogle,0.4019,0.144,0.856,0.0
Fri Jun 08 17:26:02 +0000 2018,RT @Googleorg: Help Puerto Rican small businesses recover from Hurricane Maria by making a donation at https://t.co/12gFeXFMTX. Google will‚Ä¶,47,1,1,0,1,0,17,0,rt googleorg help puerto rican small businesses recover hurricane maria making donation google,0.4019,0.184,0.816,0.0
Thu Jun 07 19:01:14 +0000 2018,Today we‚Äôre sharing our AI principles and practices. How AI is developed and used will have a significant impact on society for many years to come. We feel a deep responsibility to get this right. https://t.co/TCatoYHN2m,3387,1,1,0,1,0,19,0,today sharing ai principles practices ai developed used significant impact society many years come feel deep responsibility get right,0.5574,0.213,0.787,0.0
Thu Jun 07 17:06:33 +0000 2018,"Very cool to hear the story of Shrinath, a porter at a train station in Cochin, India who passed the civil service exam with hard work and studying using wifi at the station. Proud of our partnership with @railminndia @PMOIndia to bring wifi to 400 stations across India https://t.co/FRSa8b5QiL",4498,1,1,0,1,0,17,0,cool hear story shrinath porter train station cochin india passed civil service exam hard work studying using wifi station proud partnership railminndia pmoindia bring wifi 400 stations across india,0.6124,0.165,0.793,0.043
Thu May 24 04:53:14 +0000 2018,"RT @googleafrica: In July 2017, we announced that we will invest $20m in non-profits working across the continent over the next five years.‚Ä¶",188,1,1,0,1,0,4,0,rt googleafrica july 2017 announced invest 20m nonprofits working across continent next five years,0.0,0.0,1.0,0.0
Thu May 17 05:52:28 +0000 2018,"RT @nealmohan: Cant wait! After a lot of hard work, YouTube Music, a new music streaming service, is coming soon... https://t.co/Qf6YtILLQZ‚Ä¶",272,1,1,0,1,0,5,0,rt nealmohan cant wait lot hard work youtube music new music streaming service coming soon,0.0762,0.085,0.915,0.0
Sat May 12 23:02:23 +0000 2018,"@cforman @Google @mcclatchy Thanks for the continued partnership, Craig!",6,1,1,0,1,0,23,0,cforman google mcclatchy thanks continued partnership craig,0.4404,0.326,0.674,0.0
Sat May 12 19:13:18 +0000 2018,"@trishalarora17 @imVkohli @ABdeVilliers17 Well, it was Saturday morning here and so worked out today:)",96,1,1,0,1,0,19,0,trishalarora17 imvkohli abdevilliers17 well saturday morning worked today,0.2732,0.231,0.769,0.0
Sat May 12 19:05:03 +0000 2018,"@imVkohli @ABdeVilliers17 Was lucky to watch it live, you and @ABdeVilliers17 made it look so easy! and with classic cricketing shots too, really enjoying #IPL2018 this year",1724,1,1,0,1,0,19,1,imvkohli abdevilliers17 lucky watch live abdevilliers17 made look easy classic cricketing shots really enjoying ipl2018 year,0.8553,0.419,0.581,0.0
Wed May 09 16:36:29 +0000 2018,@demishassabis @DeepMindAI Congrats @demishassabis so great to see this and so well deserved! more to come,9,1,1,0,1,0,16,0,demishassabis deepmindai congrats demishassabis great see well deserved come,0.8625,0.615,0.385,0.0
Wed May 09 16:33:05 +0000 2018,So many great memories! https://t.co/MzaJG9dMXV,148,1,1,0,1,0,16,0,many great memories,0.6249,0.672,0.328,0.0
Tue May 08 23:31:40 +0000 2018,"RT @WIRED: With Google Lens, people can use their phone's camera to find text-based information, kind of like a search in reverse. And now,‚Ä¶",161,1,1,0,1,0,23,0,rt wired google lens people use phones camera find textbased information kind like search reverse,0.7096,0.312,0.688,0.0
Tue May 08 21:49:27 +0000 2018,Great summary of what‚Äôs coming in #AndroidP https://t.co/s1ke0sUBeQ,262,1,1,0,1,0,21,1,great summary whats coming androidp,0.6249,0.506,0.494,0.0
Tue May 08 21:34:22 +0000 2018,Great to see this work between the teams to improve battery life and brightness use cases on Android! https://t.co/ihp5HzqVyO,220,1,1,0,1,0,21,0,great see work teams improve battery life brightness use cases android,0.8625,0.545,0.455,0.0
Tue May 08 18:17:40 +0000 2018,RT @GoogleAI: Learn how Google Duplex uses advances in natural conversation technologies to autonomously complete specific user tasks via t‚Ä¶,924,1,1,0,1,0,18,0,rt googleai learn google duplex uses advances natural conversation technologies autonomously complete specific user tasks via,0.3612,0.143,0.857,0.0
Tue May 08 18:11:17 +0000 2018,RT @CASottile: Well this is new! @sundarpichai announces Google will roll out tools to help you ‚Äúswitch off when you need to‚Äù and ‚Äúfind bal‚Ä¶,218,1,1,0,1,0,18,0,rt casottile well new sundarpichai announces google roll tools help switch need find bal,0.5859,0.286,0.714,0.0
Tue May 08 18:08:48 +0000 2018,"I believe there‚Äôs more quality journalism being produced than ever before, and we‚Äôre excited to introduce a newly redesigned @GoogleNews #io18 https://t.co/T7dF5baiWR",561,1,1,0,1,0,18,1,believe theres quality journalism produced ever excited introduce newly redesigned googlenews io18,0.34,0.179,0.821,0.0
Tue May 08 16:51:55 +0000 2018,"RT @WIRED: The tech conferences aren't over. Google I/O is starting soon, and you can watch it right here https://t.co/PZQmOqO88i",103,1,1,0,1,0,16,0,rt wired tech conferences arent google io starting soon watch right,0.0,0.0,1.0,0.0
Tue May 08 16:43:08 +0000 2018,Almost show time! See you soon #io18 https://t.co/RN9cmLt58c https://t.co/Qit26XCFP3,562,1,2,1,1,0,16,1,almost show time see soon io18,0.0,0.0,1.0,0.0
Tue May 08 16:33:07 +0000 2018,"RT @CNET: LIVE: Learn what we expect, our wildest predictions and everything else before #IO18 kicks off! https://t.co/NWpwKjBmWt #CNETLive",29,1,1,0,1,0,16,2,rt cnet live learn expect wildest predictions everything else io18 kicks cnetlive,0.0,0.0,1.0,0.0
Tue May 08 16:32:43 +0000 2018,RT @engadget: We're live at Google's 2018 I/O keynote! https://t.co/N0JPU8WAZ0,45,1,1,0,1,0,16,0,rt engadget live googles 2018 io keynote,0.0,0.0,1.0,0.0
Tue May 08 16:25:05 +0000 2018,RT @verge: How to watch the Google I/O 2018 keynote https://t.co/KFFO9M8yhs https://t.co/gW2zhnEWKe,126,1,2,1,1,0,16,0,rt verge watch google io 2018 keynote,0.0,0.0,1.0,0.0
Tue May 08 16:18:14 +0000 2018,RT @Recode: The Google I/O developer conference kicks off today. We‚Äôll be covering CEO @sundarpichai‚Äôs keynote live on Twitter at 10 am PT‚Ä¶,78,1,1,0,1,0,16,0,rt recode google io developer conference kicks today well covering ceo sundarpichais keynote live twitter 10 pt,0.2732,0.116,0.884,0.0
Tue May 08 14:08:50 +0000 2018,RT @LorraineTwohill: Both my parents were teachers. Proud that our ongoing work with @DonorsChoose has provided $20M in classroom funding a‚Ä¶,38,1,1,0,1,0,14,0,rt lorrainetwohill parents teachers proud ongoing work donorschoose provided 20m classroom funding,0.4767,0.22,0.78,0.0
Tue May 08 05:44:23 +0000 2018,@kevinpelgrims üòé,12,1,1,0,1,0,5,0,kevinpelgrims,0.0,0.0,1.0,0.0
Tue May 08 05:43:19 +0000 2018,"RT @googledevs: #io18 is less than a day away, so we thought we'd share a sneak peek üëÄ

Tune in live on https://t.co/mSTQKlTa90 across the‚Ä¶",455,1,1,0,1,0,5,1,rt googledevs io18 less day away thought wed share sneak peek tune live across,0.296,0.145,0.855,0.0
Tue May 08 05:05:36 +0000 2018,@passsy Welcome! Great to have you:),14,1,1,0,1,0,5,0,passsy welcome great,0.7964,0.877,0.123,0.0
Mon Apr 30 02:51:47 +0000 2018,"RT @JeffDean: Here's a list of all the ways that Google Research is involved in this year's ICLR conference, starting tomorrow in Vancouver‚Ä¶",125,1,1,0,1,0,2,0,rt jeffdean heres list ways google research involved years iclr conference starting tomorrow vancouver,0.0,0.0,1.0,0.0
Wed Apr 25 20:14:10 +0000 2018,Have been dogfooding the new @Gmail for a while now - very excited for this new redesign! https://t.co/Z7xcHwZTjO,665,1,1,0,1,0,20,0,dogfooding new gmail excited new redesign,0.34,0.324,0.676,0.0
Thu Apr 19 06:08:53 +0000 2018,RT @harrymccracken: Pssst: Here‚Äôs @JRRaphael‚Äôs superguide to Chrome productivity. https://t.co/O3zKJv3lKH,115,1,1,0,1,0,6,0,rt harrymccracken pssst heres jrraphaels superguide chrome productivity,0.0,0.0,1.0,0.0
Wed Apr 18 05:19:10 +0000 2018,@Ansip_EU @Google Thanks for a great discussion. We look forward to continuing the conversation on these important issues,6,1,1,0,1,0,5,0,ansipeu google thanks great discussion look forward continuing conversation important issues,0.8316,0.524,0.476,0.0
Wed Apr 04 02:28:34 +0000 2018,RT @daiwaka: San Bruno police chief also said praised the youtube employees for coming to the aid of an injured victim. On what is a really‚Ä¶,137,1,1,0,1,0,2,0,rt daiwaka san bruno police chief also said praised youtube employees coming aid injured victim really,-0.1531,0.152,0.619,0.229
Tue Apr 03 23:49:01 +0000 2018,"There are no words to describe the tragedy that occurred today. @SusanWojcicki &amp; I are focused on supporting our employees &amp; the @YouTube community through this difficult time together. Thank you to the police &amp; first responders for their efforts, and to all for msgs of support.",2623,1,1,0,1,0,23,0,words describe tragedy occurred today susanwojcicki amp focused supporting employees amp youtube community difficult time together thank police amp first responders efforts msgs support,0.4215,0.301,0.506,0.194
Fri Mar 23 16:10:31 +0000 2018,Congrats to you both and the team - great to see the long term focus and the milestone! https://t.co/tgM1Pf1pOz,99,1,1,0,1,0,16,0,congrats team great see long term focus milestone,0.8176,0.556,0.444,0.0
Thu Mar 22 18:48:55 +0000 2018,"Always inspired by the cool and impactful things people are building with @TensorFlow, in this case, helping to detect illegal logging activity in Amazonian rainforests #GoogleAI https://t.co/FogXed99OM",280,1,1,0,1,0,18,1,always inspired cool impactful things people building tensorflow case helping detect illegal logging activity amazonian rainforests googleai,0.4767,0.317,0.535,0.148
Wed Mar 21 17:51:32 +0000 2018,Huge congrats to John and Dave on their Turing Award and great to see this recognition of their lasting contributions to computing and honored to work with them as colleagues. https://t.co/OC1PKqHaDs,215,1,1,0,1,0,17,0,huge congrats john dave turing award great see recognition lasting contributions computing honored work colleagues,0.9524,0.631,0.369,0.0
Thu Mar 15 08:00:40 +0000 2018,Digital skills lead to new opportunities: today we‚Äôre pledging to help 1 million people in Europe find a job or grow their business by 2020 #GrowWithGoogle https://t.co/9Xwyiz1WYd,438,1,1,0,1,0,8,1,digital skills lead new opportunities today pledging help 1 million people europe find job grow business 2020 growwithgoogle,0.6486,0.261,0.739,0.0
Wed Mar 14 04:20:01 +0000 2018,The world has lost a beautiful mind and a brilliant scientist. RIP Stephen Hawking,8370,1,1,0,1,0,4,0,world lost beautiful mind brilliant scientist rip stephen hawking,0.7506,0.481,0.375,0.144
